Study_Hours,Attendance,Assignments_Completed,Previous_Score,Final_Score
4.4,71,2,48,70.9
9.6,63,9,78,100.0
7.6,87,4,70,96.7
6.4,74,3,71,92.3
2.4,67,2,80,82.7
2.4,82,4,89,92.3
1.5,83,3,51,79.0
8.8,67,3,47,87.5
6.4,100,7,47,87.1
7.4,89,2,89,98.0
1.2,60,3,67,78.6
9.7,72,7,59,97.7
8.5,59,4,86,96.4
2.9,79,5,46,80.1
2.6,56,2,50,69.0
2.7,64,9,59,85.8
3.7,84,8,55,90.8
5.7,99,8,43,86.7
4.9,59,4,45,70.1
3.6,87,4,61,90.3
6.5,55,3,65,80.8
2.3,72,2,42,64.1
3.6,86,8,80,96.8
4.3,65,8,81,100.0
5.1,75,3,53,82.6
8.1,80,8,50,97.8
2.8,79,9,57,88.3
5.6,76,2,93,97.1
6.3,81,10,51,96.5
1.4,67,8,62,78.1
6.5,87,4,51,84.1
2.5,88,9,52,89.0
1.6,95,8,64,86.1
9.5,89,9,84,100.0
9.7,55,7,90,100.0
8.3,75,10,58,99.3
3.7,60,6,94,91.8
1.9,82,4,85,89.6
7.2,71,4,75,93.7
5.0,59,2,84,90.3
2.1,85,9,47,83.3
5.5,59,3,68,86.3
1.3,92,4,94,94.4
9.2,57,9,92,100.0
3.3,77,9,94,100.0
7.0,91,5,71,94.4
3.8,91,5,90,94.4
5.7,64,6,83,96.5
5.9,64,7,57,86.0
2.7,73,6,45,78.6
9.7,71,8,57,97.7
8.0,75,3,58,90.5
9.5,68,8,61,100.0
9.1,63,8,76,100.0
6.4,100,2,71,96.9
9.3,55,8,95,100.0
1.8,99,6,80,92.0
2.8,67,4,42,70.9
1.4,58,4,67,74.9
3.9,55,5,49,71.7
4.5,94,3,90,96.0
3.4,86,3,74,85.6
8.5,88,2,68,96.8
4.2,82,6,93,98.3
3.5,85,5,54,81.5
5.9,62,3,72,91.0
2.3,93,4,46,78.6
8.2,80,8,51,94.0
1.7,88,8,88,100.0
9.9,57,5,69,100.0
8.0,66,6,60,93.2
2.8,55,6,70,76.4
1.0,98,7,63,90.3
8.3,59,10,59,90.9
7.4,84,3,76,100.0
7.6,84,6,43,91.8
7.9,71,4,67,99.5
1.7,77,5,83,91.3
4.2,69,7,59,85.4
2.0,91,9,63,89.9
8.8,75,2,89,100.0
6.6,68,9,88,100.0
4.0,56,8,90,100.0
1.6,65,2,71,78.1
3.8,93,3,80,92.2
3.9,92,4,75,100.0
7.6,88,2,92,100.0
6.7,92,10,73,100.0
9.0,88,9,75,100.0
5.2,72,3,41,78.0
2.1,84,10,54,85.0
7.4,69,8,73,100.0
7.8,81,10,75,100.0
6.1,88,7,45,78.4
7.9,92,7,78,100.0
5.4,87,5,81,99.8
5.7,78,3,90,98.5
4.8,69,8,90,100.0
1.2,84,6,93,98.9
2.0,96,7,51,84.4
1.3,71,3,42,65.8
6.7,59,6,84,100.0
3.8,83,5,57,84.9
5.6,58,10,79,99.9
9.2,64,7,60,92.9
3.2,71,3,54,71.8
4.7,64,2,72,80.8
7.8,71,6,74,100.0
3.1,74,10,65,92.1
1.7,78,7,47,73.1
3.6,59,8,75,93.6
2.5,88,6,87,100.0
9.4,60,7,69,98.6
8.3,56,6,62,87.3
6.7,67,10,81,100.0
8.8,97,7,83,100.0
8.2,97,9,53,100.0
2.7,65,3,53,70.8
9.0,77,10,41,99.8
5.9,70,6,94,100.0
8.3,85,8,76,100.0
9.1,65,2,44,79.9
3.9,70,6,77,90.9
2.0,62,3,84,83.8
3.1,58,7,80,93.9
4.8,94,2,93,100.0
8.4,58,4,86,100.0
8.7,79,6,53,96.4
1.1,57,5,95,95.4
5.6,86,4,78,94.2
4.8,57,6,64,87.0
3.0,81,9,59,82.9
2.1,83,5,41,69.9
4.0,86,2,78,90.6
9.5,73,8,45,95.5
3.9,75,9,56,88.5
5.7,59,4,64,83.6
7.3,72,7,67,96.4
4.3,82,3,41,79.6
9.7,96,8,74,100.0
9.7,76,9,76,100.0
3.3,75,7,44,81.4
5.5,60,7,40,80.2
3.7,55,6,79,86.2
3.6,59,9,51,85.2
1.3,95,2,95,93.0
6.5,66,5,75,91.5
5.5,80,5,84,100.0
1.5,100,4,62,80.0
3.5,88,4,86,94.5
9.2,68,5,70,99.2
3.2,80,2,50,81.8
2.3,99,3,49,76.3
5.4,81,10,42,87.2
9.9,63,3,93,100.0
3.2,80,6,53,78.8
7.0,76,10,55,98.2
7.9,84,10,49,100.0
3.1,97,9,68,96.3
7.6,71,2,49,85.5
4.3,80,2,51,78.9
6.7,90,10,69,100.0
6.7,55,9,80,100.0
5.8,62,10,40,83.3
1.8,89,8,44,80.1
8.5,69,4,59,91.9
3.9,76,4,47,79.2
2.7,68,3,82,88.8
1.4,80,6,51,70.3
6.3,82,4,40,80.6
7.1,77,7,93,100.0
1.1,68,3,59,72.6
5.6,78,4,67,90.3
3.0,56,6,82,92.7
6.8,99,2,76,98.8
2.6,80,2,86,90.8
7.2,68,10,76,100.0
4.5,61,8,51,87.0
9.4,57,2,76,95.1
2.2,77,9,88,100.0
4.1,100,4,88,100.0
2.0,97,9,95,100.0
9.3,99,6,83,100.0
8.9,72,2,95,99.4
3.3,92,8,67,91.4
6.9,89,6,86,100.0
8.4,69,7,54,97.2
6.0,79,7,45,86.9
5.8,91,9,83,100.0
3.2,82,10,59,89.5
1.8,64,3,89,87.7
9.1,93,10,53,100.0
9.1,71,10,41,94.6
6.7,93,8,48,94.5
4.1,76,2,76,85.4
4.1,80,8,59,87.5
7.5,98,6,65,100.0
9.1,79,7,68,100.0
9.0,71,8,40,88.1
8.0,67,6,94,100.0
6.8,74,8,74,98.5
1.8,79,10,45,81.4
2.5,58,4,76,86.0
9.1,64,9,92,100.0
6.5,57,3,44,83.2
1.1,95,8,72,94.0
1.9,99,3,88,95.7
7.0,72,5,90,100.0
1.0,90,8,53,82.1
2.4,76,4,51,73.6
5.9,88,3,81,91.8
7.2,62,8,59,96.0
6.9,94,2,92,100.0
3.0,98,9,89,100.0
7.4,73,4,63,92.3
3.1,96,3,82,95.9
3.9,95,4,73,92.4
7.7,91,6,64,99.8
6.8,60,9,89,100.0
8.6,80,8,68,100.0
6.9,88,8,78,100.0
6.1,99,8,70,98.7
1.8,60,9,95,94.7
4.3,91,2,86,98.0
3.4,87,5,82,92.1
3.2,76,7,89,100.0
9.8,75,10,62,100.0
4.5,60,3,83,88.9
9.0,60,2,77,93.2
6.7,58,3,59,86.3
8.2,84,8,62,100.0
5.5,65,4,84,96.1
6.2,84,3,91,100.0
5.4,85,8,55,90.3
2.8,78,3,89,89.3
7.5,63,4,81,97.7
3.5,57,8,94,96.6
1.2,85,5,47,69.7
6.8,94,2,89,100.0
2.6,91,6,60,89.3
9.5,90,10,40,96.1
9.6,78,9,94,100.0
9.2,85,10,47,100.0
4.3,60,10,68,93.9
1.1,56,8,71,80.1
9.4,74,5,77,100.0
4.9,82,6,44,86.6
9.7,65,2,86,100.0
9.7,58,2,61,91.2
8.7,69,4,86,100.0
3.7,60,9,73,90.1
4.5,84,3,40,74.0
8.7,92,5,94,100.0
3.9,56,3,94,95.2
2.5,69,6,65,87.2
6.0,65,10,82,100.0
9.4,62,2,49,85.7
7.3,80,6,69,100.0
6.1,99,10,89,100.0
1.9,98,2,57,83.9
6.5,59,10,56,97.4
9.9,60,9,65,100.0
2.3,80,5,47,77.0
5.7,58,6,86,98.7
8.9,73,6,79,100.0
7.7,74,7,88,100.0
7.3,87,8,51,98.5
7.3,74,9,66,100.0
4.2,66,9,47,83.1
3.6,55,3,64,82.0
8.3,80,10,85,100.0
8.3,68,8,43,89.6
8.8,92,5,72,100.0
9.2,91,5,40,87.0
5.6,65,9,58,89.2
5.5,90,5,70,97.9
8.2,67,7,55,94.2
6.8,97,6,53,91.5
7.3,57,4,92,99.8
8.2,87,3,87,100.0
9.0,60,10,44,95.7
4.0,64,10,80,98.1
4.4,59,2,65,85.3
1.8,77,4,67,82.3
6.2,64,9,41,84.0
1.3,98,7,89,99.0
5.2,56,6,45,77.3
5.9,67,6,48,83.7
3.6,94,7,72,100.0
6.3,56,8,80,98.2
1.3,74,2,64,75.0
1.3,55,10,87,94.3
8.4,91,4,52,96.2
4.2,63,5,48,72.9
2.1,71,2,92,91.0
5.7,63,4,52,78.3
7.9,65,3,70,94.3
2.9,69,3,80,85.6
6.6,78,2,50,75.3
1.8,92,9,43,83.2
1.5,89,4,73,87.8
5.8,84,4,77,95.2
5.9,85,7,85,100.0
6.7,59,9,43,81.6
7.5,98,10,77,100.0
9.8,68,10,58,100.0
5.6,65,5,45,76.7
3.9,63,6,73,87.7
8.2,88,3,57,92.4
3.4,66,10,52,92.2
5.0,89,9,80,100.0
1.7,89,4,62,79.4
1.2,55,10,58,81.8
9.7,94,4,84,100.0
8.5,76,10,50,100.0
7.3,83,3,40,86.8
4.7,62,10,63,97.4
2.6,65,9,93,100.0
2.4,95,10,46,85.1
3.3,91,6,64,86.2
5.9,68,3,60,80.2
7.4,84,9,54,89.1
6.9,89,7,40,90.3
3.5,75,9,51,85.3
9.6,91,6,46,98.6
7.6,59,3,54,87.8
6.0,73,7,60,92.1
6.5,68,6,58,89.8
4.8,80,6,68,91.4
3.2,58,2,64,75.6
4.2,79,3,72,90.7
7.8,99,9,88,100.0
1.1,96,4,71,85.5
2.0,79,4,88,92.3
1.4,72,9,74,93.4
1.4,94,9,83,97.5
8.7,62,3,77,96.7
7.3,93,9,65,100.0
5.3,94,2,50,86.3
1.9,68,7,74,87.2
5.4,86,9,47,88.3
5.3,92,4,85,99.7
2.6,87,9,53,90.4
4.9,77,2,49,83.9
4.6,69,10,41,79.8
6.5,87,10,85,100.0
6.7,79,6,48,87.2
1.4,71,5,42,70.4
4.4,87,7,60,93.7
6.6,56,8,65,90.4
5.5,68,6,47,79.0
8.7,94,10,87,100.0
6.9,94,4,41,84.5
2.5,93,8,45,86.0
1.6,60,6,67,82.3
6.8,60,8,92,100.0
1.2,57,3,68,75.0
6.3,61,5,65,96.1
9.5,62,3,64,90.3
6.2,96,8,51,96.5
4.5,69,3,44,70.6
6.8,83,2,73,90.8
5.1,87,10,87,100.0
5.9,84,2,76,98.5
9.5,93,9,54,100.0
4.5,81,3,83,92.8
9.7,90,9,75,100.0
9.1,83,4,54,93.7
2.8,92,7,82,97.3
1.6,87,4,87,88.6
1.9,91,8,62,93.4
1.2,81,10,45,81.3
1.8,87,3,85,97.4
7.1,58,6,89,100.0
1.6,76,7,83,94.7
3.9,56,5,82,89.0
8.6,64,5,84,100.0
1.2,59,5,60,74.5
8.3,64,3,62,86.4
3.5,87,5,82,98.2
2.1,92,2,94,100.0
7.3,67,7,55,90.3
6.7,85,2,86,100.0
8.9,90,7,92,100.0
7.6,99,2,54,89.9
8.2,78,7,64,97.1
3.5,69,9,75,88.7
2.6,83,3,50,75.9
7.8,62,3,90,100.0
8.3,59,5,54,91.2
9.9,83,4,43,92.8
4.7,58,5,60,85.0
4.3,66,8,52,81.5
8.0,99,2,61,96.2
4.1,56,7,58,87.7
9.4,81,4,73,100.0
8.7,85,8,53,100.0
4.9,90,3,43,85.5
7.8,90,3,87,100.0
7.8,80,5,92,100.0
1.9,97,2,91,92.2
9.1,81,4,85,100.0
5.5,59,10,66,93.2
8.4,74,8,68,100.0
3.9,65,8,86,92.0
9.1,64,5,67,93.6
4.5,94,3,74,93.0
1.1,92,5,47,73.7
9.1,60,7,55,91.9
1.8,62,4,81,83.5
3.9,77,2,75,86.5
9.6,80,9,69,100.0
9.6,100,6,57,100.0
6.2,97,6,41,90.2
6.7,66,5,88,100.0
5.0,80,7,52,83.4
3.6,67,4,43,64.7
4.0,94,10,65,100.0
7.1,72,6,64,90.6
7.8,79,4,69,97.2
8.1,87,2,50,82.8
8.1,94,7,46,98.6
1.8,97,3,70,93.9
5.4,66,4,83,95.3
1.5,98,2,49,74.6
5.9,90,10,78,100.0
5.0,58,9,52,88.0
9.0,59,3,70,95.5
4.2,91,9,46,91.5
2.1,62,10,95,99.1
2.3,96,2,88,94.8
7.9,82,6,81,100.0
6.6,85,9,81,100.0
1.9,63,3,95,90.2
1.8,83,5,75,85.7
7.3,68,8,59,98.1
1.7,94,4,43,72.2
8.4,95,6,93,100.0
7.4,76,9,46,90.4
1.7,65,4,93,91.7
1.8,77,5,40,69.8
9.9,55,10,83,100.0
4.4,100,8,95,100.0
4.3,91,2,84,94.6
8.3,75,5,81,100.0
9.5,80,5,86,100.0
9.9,100,10,52,100.0
7.8,90,7,94,100.0
4.4,77,10,61,96.3
1.8,55,7,93,91.7
8.0,94,7,60,100.0
6.0,69,6,61,93.0
4.8,75,6,67,89.8
9.2,63,3,48,84.3
2.0,63,9,65,86.7
5.4,64,9,48,84.7
1.1,80,2,54,74.9
5.2,95,9,49,92.4
1.5,89,6,63,82.9
2.1,79,3,81,89.8
2.1,80,3,47,69.4
6.8,65,7,63,99.2
7.7,92,10,55,100.0
6.3,56,2,88,95.3
9.7,61,7,65,100.0
4.4,72,10,66,96.4
3.6,81,9,76,97.0
8.8,88,7,43,94.5
3.0,81,4,89,92.7
9.7,71,9,63,100.0
1.1,97,10,58,92.5
9.7,98,2,75,100.0
1.4,78,10,78,93.6
9.0,79,7,49,91.1
5.7,61,7,64,94.6
9.9,60,5,57,91.6
1.7,78,2,58,74.4
6.0,87,9,75,100.0
9.7,83,3,49,92.0
5.7,97,2,72,96.5
6.7,76,3,94,100.0
7.3,80,2,89,98.3
5.1,82,2,44,73.1
6.6,75,10,86,100.0
6.3,61,2,88,92.0
9.1,71,5,74,100.0
1.4,74,7,83,96.1
3.5,95,8,73,97.3
9.6,74,3,72,98.2
9.0,76,7,94,100.0
5.1,82,8,60,92.0
6.6,94,3,56,89.7
3.5,61,3,61,79.7
2.7,55,8,87,96.8
5.2,86,2,76,95.6
4.2,67,9,54,93.0
6.3,84,4,74,98.3
1.7,77,7,67,93.0
9.8,73,10,46,96.0
9.9,86,7,71,100.0
